{
    "list": [{
            "id": 1,
            "name": "李雷",
            "identifier": 190327900,
            "school":"福州大学",
            "college":"数计学院",
            "major": "计算机技术",
            "state": "学生",
            "date": "2020-03-16",
            "exp":1,
            "thumb": "https://lin-xin.gitee.io/images/post/wms.png"
        },
        {
            "id": 2,
            "name": "小明",
            "identifier": 190327901,
            "school":"福建师范大学",
            "college":"计算机学院",
            "major": "软件工程",
            "state": "学生",
            "date": "2020-03-17",
            "exp":1,
            "thumb": "https://lin-xin.gitee.io/images/post/node3.png"
        },
        {
            "id": 3,
            "name": "杰克",
            "identifier": 10000,
            "school":"福州大学",
            "college":"外语学院",
            "major": "英语",
            "state": "教师",
            "date": "2020-03-16",
            "exp":0,
            "thumb": "https://lin-xin.gitee.io/images/post/parcel.png"
        },
        {
            "id": 4,
            "name": "清真",
            "identifier": 190327902,
            "school":"内蒙古大学",
            "college":"数学学院",
            "major": "应用数学",
            "state": "学生",
            "date": "2020-03-16",
            "exp":1,
            "thumb": "https://lin-xin.gitee.io/images/post/notice.png"
        }
    ],
    "pageTotal": 4
}